{"cameraMode":{"drawMode":0,"name":"Shaded","section":"Shading Mode"},"sceneLighting":false,"audioPlay":false,"sceneViewState":{"m_AlwaysRefresh":false,"showFog":false,"showSkybox":false,"showFlares":false,"showImageEffects":false,"showParticleSystems":false,"showVisualEffectGraphs":true,"m_FxEnabled":true},"in2DMode":false,"pivot":{"x":0.08050405979156494,"y":0.8200564384460449,"z":0.13072466850280763},"rotation":{"x":-0.00016154316836036742,"y":-0.9755014181137085,"z":0.22050774097442628,"w":-0.0008820826187729836},"size":1.467476725578308,"orthographic":false}