{"cameraMode":{"drawMode":0,"name":"Shaded","section":"Shading Mode"},"sceneLighting":false,"audioPlay":false,"sceneViewState":{"m_AlwaysRefresh":false,"showFog":false,"showSkybox":false,"showFlares":false,"showImageEffects":false,"showParticleSystems":false,"showVisualEffectGraphs":true,"m_FxEnabled":true},"in2DMode":false,"pivot":{"x":-0.09138274937868118,"y":0.500289261341095,"z":-1.4807871580123902},"rotation":{"x":0.007612662855535746,"y":-0.9683294892311096,"z":0.24808953702449799,"w":0.02964124083518982},"size":1.4897650480270386,"orthographic":false}