{"cameraMode":{"drawMode":0,"name":"Shaded","section":"Shading Mode"},"sceneLighting":true,"audioPlay":false,"sceneViewState":{"m_AlwaysRefresh":false,"showFog":true,"showSkybox":true,"showFlares":true,"showImageEffects":true,"showParticleSystems":true,"showVisualEffectGraphs":true,"m_FxEnabled":true},"in2DMode":false,"pivot":{"x":-18.372587203979493,"y":-20.002843856811525,"z":13.903143882751465},"rotation":{"x":-0.27486565709114077,"y":-0.20651358366012574,"z":0.060569871217012408,"w":-0.9371093511581421},"size":11.560392379760743,"orthographic":false}