{"cameraMode":{"drawMode":0,"name":"Shaded","section":"Shading Mode"},"sceneLighting":false,"audioPlay":false,"sceneViewState":{"m_AlwaysRefresh":false,"showFog":false,"showSkybox":false,"showFlares":false,"showImageEffects":false,"showParticleSystems":false,"showVisualEffectGraphs":true,"m_FxEnabled":true},"in2DMode":false,"pivot":{"x":0.10151573270559311,"y":0.703217089176178,"z":-0.4417877495288849},"rotation":{"x":-0.057717662304639819,"y":0.9419562220573425,"z":-0.24736401438713075,"w":-0.21975398063659669},"size":1.4787837266921998,"orthographic":false}