{"cameraMode":{"drawMode":0,"name":"Shaded","section":"Shading Mode"},"sceneLighting":false,"audioPlay":false,"sceneViewState":{"m_AlwaysRefresh":false,"showFog":true,"showSkybox":false,"showFlares":true,"showImageEffects":true,"showParticleSystems":true,"showVisualEffectGraphs":true,"m_FxEnabled":true},"in2DMode":false,"pivot":{"x":-0.001778721809387207,"y":0.8561170101165772,"z":-0.09047604352235794},"rotation":{"x":0.05691278353333473,"y":-0.94002765417099,"z":0.27418702840805056,"w":0.1950596272945404},"size":1.4389698505401612,"orthographic":false}