{"cameraMode":{"drawMode":0,"name":"Shaded","section":"Shading Mode"},"sceneLighting":false,"audioPlay":false,"sceneViewState":{"m_AlwaysRefresh":false,"showFog":true,"showSkybox":false,"showFlares":true,"showImageEffects":true,"showParticleSystems":true,"showVisualEffectGraphs":true,"m_FxEnabled":true},"in2DMode":false,"pivot":{"x":-3.5762786865234377e-7,"y":0.8355779647827148,"z":-0.06814059615135193},"rotation":{"x":-0.0773615837097168,"y":0.8975993394851685,"z":-0.17477604746818543,"w":-0.3972931504249573},"size":1.4255845546722413,"orthographic":false}